{"WordsToday":0,"WordsTotal":379,"ActivationsToday":0,"StreakDays":1,"LastUsedDate":"2026-07-06T00:46:56.9552336-03:00","TimeSavedMinutes":0.453235294117647}